Source,Meand13C,SDd13C,Meand15N,SDd15N
Araneae,1.71159,1.31799,3.1796,1.0997
Blattodea,1.71159,1.31799,3.1796,1.0997
C3,1.71159,1.31799,3.1796,1.0997
C4,1.71159,1.31799,3.1796,1.0997
DIP-IXO-HYM-ISO,1.71159,1.31799,3.1796,1.0997
Lepidoptera,1.71159,1.31799,3.1796,1.0997
Megaselia scalaris,1.71159,1.31799,3.1796,1.0997
